<?xml version="1.0" encoding="utf-8"?>
    <TileMap version="1.0.0" tilemapservice="http://tms.osgeo.org/1.0.0">
      <Title>out.vrt</Title>
      <Abstract></Abstract>
      <SRS>EPSG:900913</SRS>
      <BoundingBox minx="49.95652573257690" miny="-8.17743301391570" maxx="58.67185059882232" maxy="1.76234781559628"/>
      <Origin x="49.95652573257690" y="-8.17743301391570"/>
      <TileFormat width="256" height="256" mime-type="image/png" extension="png"/>
      <TileSets profile="mercator">
        <TileSet href="6" units-per-pixel="2445.98490468750015" order="6"/>
        <TileSet href="7" units-per-pixel="1222.99245234375007" order="7"/>
        <TileSet href="8" units-per-pixel="611.49622617187504" order="8"/>
        <TileSet href="9" units-per-pixel="305.74811308593752" order="9"/>
        <TileSet href="10" units-per-pixel="152.87405654296876" order="10"/>
      </TileSets>
    </TileMap>
    